id,name,email,gender,phone,city
1,Odele Laister,olaister0@lulu.com,Female,4997452843,Vrtojba
2,Carlyn Ludwig,cludwig1@discovery.com,Female,2062858281,Cururupu
3,Belinda Raddish,braddish2@wordpress.org,Female,9671684880,Koronadal
4,Hughie Rablen,hrablen3@wordpress.org,Male,5962562705,Gagah
5,Burnaby Cordova,bcordova4@tinyurl.com,Male,6237332147,Nijiangping
6,Ros Crampton,rcrampton5@chronoengine.com,Female,7149921666,Sanying
7,Trey Pernell,tpernell6@vistaprint.com,Male,8916731407,Terek
8,Ailene Casseldine,acasseldine7@globo.com,Female,7065054397,Araal
9,Arlie Donnellan,adonnellan8@goodreads.com,Female,9505989445,Celestynów
10,Gwyn Kalisch,gkalisch9@mayoclinic.com,Female,2614040786,Caen
11,Terra Shilliday,tshillidaya@reference.com,Female,7228601428,Caballococha
12,Evangeline Skeldinge,eskeldingeb@simplemachines.org,Female,5387566722,Kuala Belait
13,Ezra Burthom,eburthomc@acquirethisname.com,Male,6836783616,Juuka
14,Tasia McGuiney,tmcguineyd@nyu.edu,Female,1757606553,San Francisco
15,Amos Colpus,acolpuse@cisco.com,Male,8606355111,Rääkkylä
16,Cy Gebb,cgebbf@networksolutions.com,Male,9059889343,Maundai
17,Koren Finlason,kfinlasong@ucoz.ru,Female,4718841808,Cusapín
18,Lorenza Kleisel,lkleiselh@theguardian.com,Female,8315361656,Roissy Charles-de-Gaulle
19,Avrom Randall,arandalli@lulu.com,Male,5328490922,Rizal
20,Whitney Binley,wbinleyj@army.mil,Female,5399808832,Oton
21,Genia Levy,glevyk@cpanel.net,Female,1424107304,Lycksele
22,Garrik Saby,gsabyl@sourceforge.net,Male,8345057436,Desamparados
23,Ugo Gawkes,ugawkesm@pagesperso-orange.fr,Male,2049688674,Gangkou
24,Raffaello MacDonnell,rmacdonnelln@furl.net,Male,7276893306,Funaishikawa
25,Darcy Boycott,dboycotto@prlog.org,Female,2853110866,Bremen
26,Maryl Kroch,mkrochp@usgs.gov,Female,4745360392,Majia
27,Mirilla Deer,mdeerq@sfgate.com,Female,6661801833,Henglan
28,Ingaborg Danihel,idanihelr@washingtonpost.com,Female,8197738383,Nakhon Si Thammarat
29,Raquela Razoux,rrazouxs@dion.ne.jp,Female,8634290840,Santiago de Cuba
30,Alfred Gowland,agowlandt@slashdot.org,Male,4194483585,Baní
31,Charmine Vardey,cvardeyu@angelfire.com,Female,1331983841,Seversk
32,Alberto Snedden,asneddenv@nature.com,Male,6166440792,Grand Rapids
33,Delilah Damiata,ddamiataw@narod.ru,Female,6554824001,Ulster Spring
34,Cynthia Thurstan,cthurstanx@de.vu,Female,6379353400,Hallstahammar
35,Auberta Macci,amacciy@cbc.ca,Female,1742560364,Mandaguari
36,Giffy Randell,grandellz@prweb.com,Male,7877668634,Tsubame
37,Cristine Jonathon,cjonathon10@1688.com,Female,6015807054,Roshchino
38,Lauren Keetley,lkeetley11@google.pl,Male,4698738059,Tanjungkerta
39,Carissa Aleixo,caleixo12@independent.co.uk,Female,5197195373,Calidñgan
40,Carmine McMenamin,cmcmenamin13@cbc.ca,Male,6926936807,Banepa
41,Annaliese Llewellyn,allewellyn14@npr.org,Female,5181657500,Baraya
42,Amalee Gatland,agatland15@state.gov,Female,4631761902,Güira de Melena
43,Harold Meake,hmeake16@newyorker.com,Male,2398640177,‘Aşīrah al Qiblīyah
44,Harrietta Farenden,hfarenden17@chronoengine.com,Female,8248703885,Kthella e Epërme
45,Inga McGill,imcgill18@theglobeandmail.com,Female,3252386776,Smedjebacken
46,Alf Stodd,astodd19@blogger.com,Male,1713022138,Iporá
47,Clarance Gounod,cgounod1a@statcounter.com,Male,7837308892,Kafir Qala
48,Laurens Kinrade,lkinrade1b@elpais.com,Male,1238586390,Vsevolozhsk
49,Frederigo Marten,fmarten1c@myspace.com,Male,4576975075,Toulouse
50,Gawen Mohring,gmohring1d@diigo.com,Male,2177740034,Springfield
51,Othilia Arkwright,oarkwright1e@ftc.gov,Female,7086899759,Hội An
52,Drew Alltimes,dalltimes1f@prnewswire.com,Male,1047475762,Trảng Bom
53,Rosemary Pentycross,rpentycross1g@hexun.com,Female,8508727080,Ngujung
54,Gussy Glabach,gglabach1h@bizjournals.com,Female,7247755335,Limoeiro do Norte
55,Eugenius Colliver,ecolliver1i@jimdo.com,Male,8909709433,Bodiosa a Velha
56,Traver Priestman,tpriestman1j@wikipedia.org,Male,1417027890,Sayapullo
57,Joyan Abrahamsen,jabrahamsen1k@slideshare.net,Female,9015579208,Calumpang
58,Gretal Koschke,gkoschke1l@ustream.tv,Female,8206511425,Daiyue
59,Dorey Kehri,dkehri1m@blogspot.com,Male,3344493744,Merdeka
60,Peadar Tokell,ptokell1n@java.com,Male,6804354934,Ludvika
61,Annecorinne Brody,abrody1o@tinypic.com,Female,6242451651,Chinameca
62,Goober Atherley,gatherley1p@chicagotribune.com,Male,8222841645,Lixu
63,Tate Tallow,ttallow1q@live.com,Female,9277139863,Huaguo
64,Kyle Foister,kfoister1r@reference.com,Male,8567986817,Bordeaux
65,Vonny Dalla,vdalla1s@tuttocitta.it,Female,1092960154,Ramenki
66,Angelico Neilan,aneilan1t@homestead.com,Male,9208220662,Szklarska Poręba
67,Marlyn Hinckley,mhinckley1u@moonfruit.com,Female,2563062624,Bandhagen
68,Jeramey Boar,jboar1v@amazon.co.uk,Male,7171569160,Cuogang
69,Tammy Mosson,tmosson1w@alexa.com,Female,8379696145,Pohbango
70,Steffen Freeth,sfreeth1x@artisteer.com,Male,4505797175,Xinli
71,Stern Ricarde,sricarde1y@epa.gov,Male,9279886095,Ḩurayḑah
72,Maryellen Jouannot,mjouannot1z@japanpost.jp,Female,7512826321,Szczurowa
73,Laryssa Disbury,ldisbury20@china.com.cn,Female,8269217541,Botlhapatlou
74,Erl Jessen,ejessen21@wsj.com,Male,3781266704,Klonowa
75,Rana Rossborough,rrossborough22@macromedia.com,Female,7183354541,Shāhpur Chākar
76,Ronny Warbrick,rwarbrick23@sina.com.cn,Male,6822008524,Krajan Langenharjo
77,Frankie Faulks,ffaulks24@npr.org,Male,8811606806,Chalamarca
78,Rockwell Casserley,rcasserley25@jimdo.com,Male,4477994727,Qianshan
79,Tabby Camel,tcamel26@newsvine.com,Male,3009289867,Pau
80,Nickolaus Batson,nbatson27@berkeley.edu,Male,4414703200,Shangchewan
81,Michele Boundey,mboundey28@npr.org,Male,1579632468,Yegorlykskaya
82,Jasmina Jerratsch,jjerratsch29@hhs.gov,Female,7908404885,Muzidian
83,Clarinda Cameron,ccameron2a@businessweek.com,Female,5544570008,Gardēz
84,Wanids Owers,wowers2b@dedecms.com,Female,5073430575,Bor
85,Phyllida Woodvine,pwoodvine2c@unesco.org,Female,2599201761,La Guadalupe
86,Mayne Medley,mmedley2d@xing.com,Male,5777579208,Липково
87,Armand Fawltey,afawltey2e@google.es,Male,4197336976,Ostrów Lubelski
88,Hastings Aspin,haspin2f@unc.edu,Male,6908951795,Ardee
89,Farr Curdell,fcurdell2g@zdnet.com,Male,8557798655,Lidingö
90,Hamlen Hallawell,hhallawell2h@un.org,Male,2772267238,Jiaotang
91,Heidie Depport,hdepport2i@arizona.edu,Female,3621031669,Kutasari
92,Arielle Deyes,adeyes2j@wix.com,Female,2261333142,Rzhavki
93,Wanids Coath,wcoath2k@state.tx.us,Female,9123307074,Tianzhuang
94,Tommi Supple,tsupple2l@cloudflare.com,Female,1546433566,Nis’oni
95,Elden Pieterick,epieterick2m@qq.com,Male,8812297825,Chile Chico
96,Wynny Shakesby,wshakesby2n@japanpost.jp,Female,5742530245,Tocumen
97,Correy Duxbarry,cduxbarry2o@theatlantic.com,Female,2045094314,Velika Kladuša
98,Leontyne Figge,lfigge2p@zdnet.com,Female,7571206094,Norfolk
99,Powell Bezarra,pbezarra2q@amazon.com,Male,4708551858,Blois
100,Allix Adriaan,aadriaan2r@umich.edu,Female,8843824306,Newlands
101,Natale FitzGibbon,nfitzgibbon2s@infoseek.co.jp,Male,9055073259,Gaoling
102,Angelo Mixhel,amixhel2t@huffingtonpost.com,Male,6194858364,Qingxi
103,Jacquetta Newlands,jnewlands2u@biblegateway.com,Female,8765229552,Pan-an
104,Nelia Burriss,nburriss2v@zimbio.com,Female,2278937074,Rzhev
105,Burnaby Whellans,bwhellans2w@wikimedia.org,Male,5616474254,Mislak
106,Adolf Yeomans,ayeomans2x@huffingtonpost.com,Male,8633302860,Xuân Trường
107,Abdel Cobby,acobby2y@technorati.com,Male,1504529858,Uglegorsk
108,Bren Hoppner,bhoppner2z@studiopress.com,Female,3367566320,Batas Barat
109,Hercule Gurery,hgurery30@opensource.org,Male,7263949471,Nashtā Rūd
110,Matthaeus Felton,mfelton31@vinaora.com,Male,3518060824,Łaskarzew
111,Curry Bener,cbener32@hostgator.com,Male,2156148782,Minle
112,Micah Goldstone,mgoldstone33@canalblog.com,Male,4341930028,Zepita
113,Jolee Grass,jgrass34@mail.ru,Female,6021142136,Salaberry-de-Valleyfield
114,Tate Patillo,tpatillo35@wisc.edu,Male,6036570127,Huyu
115,Harlin Abramovic,habramovic36@printfriendly.com,Male,8723678956,Gradići
116,Saunders Hartland,shartland37@netvibes.com,Male,8816850726,Rājshāhi
117,Adelina Skune,askune38@cnn.com,Female,2882398879,Dardhas
118,Kyle Houldey,khouldey39@redcross.org,Male,2699686999,Bizerte
119,Roarke Ciubutaro,rciubutaro3a@github.io,Male,8547676332,Trâu Quỳ
120,Emmit Serrell,eserrell3b@com.com,Male,5333175230,Turka
121,Ogdan Scimonelli,oscimonelli3c@free.fr,Male,7563624766,Akita Shi
122,Leland Meneyer,lmeneyer3d@nymag.com,Female,6702330231,Shiren
123,Nadia Wolters,nwolters3e@hatena.ne.jp,Female,2876720280,Manga
124,Ardra Hardcastle,ahardcastle3f@oaic.gov.au,Female,7989614427,Chengshan
125,Dorotea Dear,ddear3g@sourceforge.net,Female,1417924752,Mianay
126,Godwin Niesing,gniesing3h@va.gov,Male,2276750095,Jincheng
127,Hurlee Arderne,harderne3i@toplist.cz,Male,4293288011,Preserje pri Radomljah
128,Sherlock Hurdle,shurdle3j@furl.net,Male,6678367232,Dedenëvo
129,Erna Kemball,ekemball3k@surveymonkey.com,Female,1781722175,Gaogongdao
130,Iolande Vallender,ivallender3l@weather.com,Female,8893686267,Cantapoy
131,Had Softley,hsoftley3m@google.co.uk,Male,7208909031,Lyubech
132,Ketty Clara,kclara3n@elegantthemes.com,Female,7344532367,Zeist
133,Serene Hillam,shillam3o@bluehost.com,Female,7951472089,Río Gallegos
134,Nicky Cattermoul,ncattermoul3p@naver.com,Male,7652263480,Potolo
135,Korella Rieger,krieger3q@devhub.com,Female,9545695997,Nansan
136,Salaidh Inglesfield,singlesfield3r@earthlink.net,Female,3718519975,Astara
137,Pietrek Odgers,podgers3s@hubpages.com,Male,3714191265,Petrovskaya
138,Paulo MacCarrane,pmaccarrane3t@wsj.com,Male,3627795578,Venda
139,Renard Lukovic,rlukovic3u@ftc.gov,Male,4873002488,Cibeusi
140,Merv Verrick,mverrick3v@ucoz.com,Male,4805862386,Sujiatuo
141,Amalle Diano,adiano3w@comsenz.com,Female,7578205790,Sharīfābād
142,Wilmette Filchakov,wfilchakov3x@artisteer.com,Female,3506636915,Muruni
143,Almeria Cromwell,acromwell3y@eventbrite.com,Female,7683185897,Osasco
144,Dick Facey,dfacey3z@goodreads.com,Male,9088908645,Chum Phuang
145,Devi Formie,dformie40@springer.com,Female,7545905122,Saint Pierre
146,Klement Houndson,khoundson41@google.ru,Male,4204990518,Castro Daire
147,Ardene Tatersale,atatersale42@usa.gov,Female,5641501647,Komga
148,Merci Brouncker,mbrouncker43@prnewswire.com,Female,7967646922,Namling
149,Caitrin Vynall,cvynall44@csmonitor.com,Female,8499043951,Puan
150,Ellen Wilfing,ewilfing45@ebay.com,Female,8421234841,Longlou
151,Gianina Leneve,gleneve46@aol.com,Female,8527309712,Liangshan
152,Valene Barthel,vbarthel47@goo.gl,Female,6572730849,At Taḩālif
153,Leonerd Jobling,ljobling48@nature.com,Male,9811945744,Brunflo
154,Hamilton Ellinor,hellinor49@latimes.com,Male,2393155301,Newton
155,Jennie Jeyness,jjeyness4a@g.co,Female,4819598584,Pak Phli
156,Berni Bullion,bbullion4b@ucsd.edu,Female,6753986837,Verkhozim
157,Albert Johananov,ajohananov4c@businessweek.com,Male,4551896745,Zdiby
158,Peadar Antonignetti,pantonignetti4d@blogtalkradio.com,Male,3951585604,Mazra‘at Bayt Jinn
159,Zebadiah McCahill,zmccahill4e@homestead.com,Male,7205490619,Itaquyry
160,Rainer Bradberry,rbradberry4f@admin.ch,Male,9728460370,Gualán
161,Hilario Goodricke,hgoodricke4g@sourceforge.net,Male,3357800531,Naji
162,Lay Bearward,lbearward4h@mayoclinic.com,Male,9988638604,Thomassique
163,Beryle Han,bhan4i@example.com,Female,8633315858,Linggamanik
164,Fernando Easby,feasby4j@goo.ne.jp,Male,8156928961,Joliet
165,Shirl Farmer,sfarmer4k@example.com,Female,7556325471,Chuanxi
166,Bellina Propper,bpropper4l@nymag.com,Female,4975946059,Czeremcha
167,Mischa Jillions,mjillions4m@marriott.com,Male,5895593092,Tengah
168,Carmel Perocci,cperocci4n@house.gov,Female,8837772155,Sekirnik
169,Olia Oakshott,ooakshott4o@mlb.com,Female,7294519280,Dolores
170,Tristan Cicconettii,tcicconettii4p@purevolume.com,Male,8918463605,Khānaqāh
171,Cull Brabender,cbrabender4q@tiny.cc,Male,2399537743,Maraial
172,Lauritz Antusch,lantusch4r@webmd.com,Male,9877801539,Vällingby
173,Celisse Witherup,cwitherup4s@google.de,Female,7466459945,Songbai
174,Vidovic Brushneen,vbrushneen4t@fotki.com,Male,7516452698,Belyy Yar
175,Lucien Perico,lperico4u@theglobeandmail.com,Male,6972404633,Várzea de Sintra
176,Melicent Sewill,msewill4v@yellowbook.com,Female,8901943045,Zhongluotan
177,Joeann Pashbee,jpashbee4w@ucsd.edu,Female,4476348147,Пласница
178,Marcus Borzone,mborzone4x@behance.net,Male,6141519952,Liurenba
179,Andy Spillett,aspillett4y@vinaora.com,Female,1041113366,Uyen Hung
180,Alejandrina Lacroix,alacroix4z@mtv.com,Female,9923387416,Baisha
181,Geoff Hasnip,ghasnip50@flickr.com,Male,2364770763,Khuan Don
182,Michele Cramb,mcramb51@hexun.com,Male,4782033757,Pampas
183,Vikky Harlick,vharlick52@webs.com,Female,2018505607,Stepnogorsk
184,Thedric Windrass,twindrass53@netvibes.com,Male,1862503323,Bomadi
185,Nat Oldacre,noldacre54@dedecms.com,Female,4021114780,Sōka
186,Ric Leavesley,rleavesley55@mozilla.com,Male,4896273883,Huangqiao
187,Ernesta Jarrad,ejarrad56@barnesandnoble.com,Female,1958894164,Arboga
188,Buck Truluck,btruluck57@senate.gov,Male,6836382708,Uzlovaya
189,Mylo Drews,mdrews58@ocn.ne.jp,Male,9397402892,Morales
190,Costa Banfield,cbanfield59@google.co.jp,Male,8842104350,Bromma
191,Ced Luna,cluna5a@fema.gov,Male,7214268077,Engel’s
192,Aurel Fennick,afennick5b@technorati.com,Female,9088602758,Eslöv
193,Noll McMylor,nmcmylor5c@discuz.net,Male,1437668137,Fanzhen
194,Patton Micheau,pmicheau5d@theglobeandmail.com,Male,7494857849,Seara
195,Joseito Kenwell,jkenwell5e@drupal.org,Male,4685557730,Messina
196,Cordie Rablen,crablen5f@google.ca,Male,6983375108,Brusyanka
197,Vonny Gaize,vgaize5g@sohu.com,Female,6475196994,Idenao
198,Shauna Reddie,sreddie5h@nationalgeographic.com,Female,8801902942,Ad Dīwānīyah
199,Jakie Purdon,jpurdon5i@digg.com,Male,7413743404,Vĩnh Thuận
200,Berenice Perrelle,bperrelle5j@youku.com,Female,6594423875,Belén de Umbría
201,Ophelia Whistlecraft,owhistlecraft5k@usa.gov,Female,8876106619,Novyye Cherëmushki
202,Myranda Cato,mcato5l@booking.com,Female,2684443848,Néo Psychikó
203,Analise Morden,amorden5m@arizona.edu,Female,4253966787,Dawang
204,Putnam Froggatt,pfroggatt5n@oracle.com,Male,3918666103,Hexi
205,Kipper Pindell,kpindell5o@wordpress.com,Male,2793081286,Xiangjia
206,Theobald McGucken,tmcgucken5p@uiuc.edu,Male,4587591884,Hetou
207,Sondra Skerman,sskerman5q@mapy.cz,Female,2278508701,Karadaglije
208,Drugi Jedras,djedras5r@bizjournals.com,Male,6987936711,Charlemagne
209,Evangelia Melross,emelross5s@netscape.com,Female,1138502726,Kengkou
210,Rafaellle Haste,rhaste5t@spotify.com,Male,7712320892,Toutosa
211,Urson Custance,ucustance5u@wired.com,Male,5588366142,Gialo
212,Donnie Griffe,dgriffe5v@hc360.com,Male,9488399869,Athens
213,Janeczka Symones,jsymones5w@a8.net,Female,6625441101,Ubatuba
214,Shelley Glanders,sglanders5x@is.gd,Female,1819553717,Zorgo
215,Jerad Skittle,jskittle5y@nasa.gov,Male,5144787273,Banjar Pasekan
216,Marika Lashley,mlashley5z@is.gd,Female,8727953913,Colombes
217,Jacinda Trevain,jtrevain60@fotki.com,Female,4974957982,Wangge’ertang
218,Edgar Cockitt,ecockitt61@deviantart.com,Male,6766250967,Wolomarang
219,Adams Winckworth,awinckworth62@altervista.org,Male,9706415830,San Antonio
220,Chiquia Halm,chalm63@nymag.com,Female,4182512709,Goz Beïda
221,Thorn Robarts,trobarts64@unesco.org,Male,6053801924,Nastola
222,Townie Cumbers,tcumbers65@dyndns.org,Male,4373640024,Salcedo
223,Ortensia Grisedale,ogrisedale66@github.io,Female,8089414181,Xamba
224,Lock Chellingworth,lchellingworth67@craigslist.org,Male,7166793282,Cansolungon
225,Briny Bernholt,bbernholt68@tumblr.com,Female,1777314221,Gornyy
226,Dulci Dearnly,ddearnly69@photobucket.com,Female,4696440404,Şuwayr
227,Riane Quinn,rquinn6a@nature.com,Female,3588658189,Sindangjawa
228,Fancy Aymer,faymer6b@answers.com,Female,7074683465,Paprotnia
229,Tallie Edkins,tedkins6c@guardian.co.uk,Female,1193597398,Nýdek
230,Tomlin Robjents,trobjents6d@discovery.com,Male,8817043880,Köln
231,Ginger Bodycote,gbodycote6e@howstuffworks.com,Female,1035535819,Guri i Zi
232,Kellsie Vinker,kvinker6f@homestead.com,Female,9772818220,Okayama-shi
233,Yule Rannald,yrannald6g@lulu.com,Male,9734527791,Segezha
234,Vale Napier,vnapier6h@google.ca,Female,2178945084,Springfield
235,Sherry Lightbourne,slightbourne6i@blinklist.com,Female,1913581707,Sidaurip
236,Christin Mahony,cmahony6j@blogs.com,Female,6596177558,Zanjān
237,Avram Aysik,aaysik6k@wikipedia.org,Male,4744263009,Yongding
238,Carlie Yushin,cyushin6l@ustream.tv,Male,7687576153,Carvalhal
239,Leicester Bartrop,lbartrop6m@addtoany.com,Male,1629373383,Karabash
240,Farlay Lanfer,flanfer6n@forbes.com,Male,5439765769,Arthur’s Town
241,Bram Connock,bconnock6o@mayoclinic.com,Male,7187912689,Chumphon
242,Dore Cradock,dcradock6p@timesonline.co.uk,Female,4481519022,Conceição da Feira
243,Danit Simnett,dsimnett6q@europa.eu,Female,9983940540,Čortanovci
244,Jonie Beadel,jbeadel6r@msu.edu,Female,8776831324,Amaury
245,Sonnie Hawtin,shawtin6s@zimbio.com,Male,5723633034,Mancogeh
246,Mitchell Saenz,msaenz6t@mac.com,Male,8912265820,Metulla
247,Denney Fowler,dfowler6u@mit.edu,Male,5837234134,Ughelli
248,Cecilio Torregiani,ctorregiani6v@kickstarter.com,Male,8285538687,Xiatang
249,Allard Goodband,agoodband6w@umn.edu,Male,4629783210,Safi
250,Stace Knevett,sknevett6x@va.gov,Female,1894425882,Hod HaSharon
251,Ricki Hanes,rhanes6y@delicious.com,Female,8662470042,Xukou
252,Jens Arrington,jarrington6z@businessweek.com,Male,4063381287,Dolores
253,Benton Quartly,bquartly70@shutterfly.com,Male,7214515088,Nesterov
254,Rochester Arpino,rarpino71@ezinearticles.com,Male,5686680044,Malanday
255,Liesa Strainge,lstrainge72@google.es,Female,9555574526,Lucija
256,Bobbye Coskerry,bcoskerry73@blogs.com,Female,8008944823,Ngangpo
257,Bendix Goodship,bgoodship74@mediafire.com,Male,8597851508,Berehomet
258,Carma Welsh,cwelsh75@nbcnews.com,Female,3608164432,Darband
259,Reynolds Perrelle,rperrelle76@topsy.com,Male,8412082654,Texíguat
260,Hakeem Himsworth,hhimsworth77@theglobeandmail.com,Male,9806887641,Bāglung
261,Alfie Jiggins,ajiggins78@rediff.com,Female,5788199991,Cosquín
262,Raimund Gregolotti,rgregolotti79@wiley.com,Male,7998198287,Messina
263,Micky Capitano,mcapitano7a@nytimes.com,Female,5946553921,Xiehu
264,Conant Farahar,cfarahar7b@netscape.com,Male,9798456405,Sidamukti
265,Roth Blackesland,rblackesland7c@miitbeian.gov.cn,Male,6074804330,Del Rosario
266,Denise O'Roan,doroan7d@narod.ru,Female,9514216318,Corona
267,Vassili Penquet,vpenquet7e@discuz.net,Male,7337241732,Sedkyrkeshch
268,Esmaria MacMenemy,emacmenemy7f@purevolume.com,Female,5761629385,Cortezia
269,Shaw Scarisbrick,sscarisbrick7g@deviantart.com,Male,6296809044,Ribeirão
270,Roanna Glanister,rglanister7h@patch.com,Female,1517808471,Xiaojin
271,Arlana Mandy,amandy7i@issuu.com,Female,5049834491,Kuroiso
272,Leupold Braley,lbraley7j@cdc.gov,Male,5055597963,São Bernardo do Campo
273,Josh Ellsom,jellsom7k@techcrunch.com,Male,9905941393,Pandian
274,Ammamaria Carne,acarne7l@nbcnews.com,Female,5087138033,Vitry-le-François
275,Sandy Lefort,slefort7m@latimes.com,Female,9995096267,Karviná
276,Inger Menichini,imenichini7n@4shared.com,Male,5937439759,Hamhŭng
277,Hayes Hallock,hhallock7o@xing.com,Male,8841623611,Holguín
278,Drew Riden,driden7p@indiegogo.com,Male,3983782876,Valence
279,Hasty MacColm,hmaccolm7q@sciencedirect.com,Male,9728415187,Brampton
280,Maxim Rafferty,mrafferty7r@delicious.com,Male,3435494470,Yangce
281,Maurine Cowdry,mcowdry7s@51.la,Female,8731571768,Kuching
282,Wright Gossling,wgossling7t@oaic.gov.au,Male,8976967856,Aguisan
283,Barclay Galpin,bgalpin7u@plala.or.jp,Male,6158728597,Ténenkou
284,Nonna Nann,nnann7v@google.co.jp,Female,5891305744,Shinaihai
285,Carita Bullivent,cbullivent7w@friendfeed.com,Female,1035387275,Xindu
286,Brande Poland,bpoland7x@wix.com,Female,5454268284,Tak Bai
287,Austin Drage,adrage7y@51.la,Male,5544259253,Jiantang
288,Miller Nurny,mnurny7z@ocn.ne.jp,Male,5509586533,Antaparco
289,Abba Hartigan,ahartigan80@imdb.com,Male,8436591098,Grenoble
290,Ainsley Lyal,alyal81@ovh.net,Female,6081244197,Chitagá
291,Deedee Keppie,dkeppie82@w3.org,Female,8397880708,Bang Phlat
292,Franklin Webber,fwebber83@spotify.com,Male,1803476693,Maoya
293,Shalom Revans,srevans84@tinyurl.com,Male,2764912060,Asahi
294,Lurleen Concannon,lconcannon85@example.com,Female,7485242325,Cẩm Phả Mines
295,Banky Hearons,bhearons86@freewebs.com,Male,2267870661,Garwolin
296,Sibella Andriolli,sandriolli87@topsy.com,Female,3399573170,České Meziříčí
297,Jackie Linsley,jlinsley88@barnesandnoble.com,Male,5359276072,Wilkowice
298,Minnie Todd,mtodd89@tripadvisor.com,Female,5936068759,Ploemeur
299,Herold Joannet,hjoannet8a@360.cn,Male,2713711342,Collingwood
300,Mellisent Overpool,moverpool8b@google.es,Female,5051923563,Bailu
301,Moyna Crowter,mcrowter8c@newsvine.com,Female,4011936371,Rungis
302,Brannon Pinkard,bpinkard8d@stanford.edu,Male,1647061923,Tyachiv
303,Franky Slym,fslym8e@businesswire.com,Male,9373810574,Turar Ryskulov
304,Boonie Kamenar,bkamenar8f@craigslist.org,Male,7651012617,Indianapolis
305,Kizzie Youthead,kyouthead8g@google.com.au,Female,9214283101,Menghe
306,Neall Brea,nbrea8h@netscape.com,Male,2745532491,Laranjal Paulista
307,Locke Deniset,ldeniset8i@go.com,Male,1512857678,Chaman
308,Sela Davidman,sdavidman8j@dailymail.co.uk,Female,1981782072,Rennes
309,Bjorn Stroobant,bstroobant8k@about.me,Male,5443750600,Shuanghe
310,Gay Knevett,gknevett8l@cnbc.com,Male,2992643037,Veliki Grđevac
311,Jarvis Chesterman,jchesterman8m@foxnews.com,Male,6264255448,Napak
312,Aida Weller,aweller8n@wordpress.org,Female,5713383438,Merrifield
313,Morgun Kemshell,mkemshell8o@usnews.com,Male,3384303592,Horka nad Moravou
314,Fritz McCombe,fmccombe8p@google.ca,Male,5869844287,Ayna
315,Don Posen,dposen8q@github.io,Male,4034738428,Bartniczka
316,Krista Spadazzi,kspadazzi8r@cargocollective.com,Female,7636165651,Kubanskiy
317,Pattin Campkin,pcampkin8s@hao123.com,Male,8221127685,Bihoro
318,Burk Esgate,besgate8t@mozilla.com,Male,9037999468,Taposan
319,Kaylil Matiashvili,kmatiashvili8u@fema.gov,Female,8589139442,Xambabazar
320,Archy Asch,aasch8v@joomla.org,Male,2402761983,Pereval'noe
321,Penelopa Mahy,pmahy8w@youtube.com,Female,9191151129,Catarman
322,Connie Stanyon,cstanyon8x@desdev.cn,Male,2643879838,Anyang-si
323,Ruthie Galbraeth,rgalbraeth8y@amazon.com,Female,5779541912,Mocun
324,Elmore Yacob,eyacob8z@ihg.com,Male,4465032047,Gävle
325,Orella Silveston,osilveston90@google.fr,Female,9464413395,Jõgeva
326,Rebecca Hardeman,rhardeman91@ebay.com,Female,8078970915,Taverny
327,Mavis Bampkin,mbampkin92@hugedomains.com,Female,3713183912,Cavinti
328,Eli Prichet,eprichet93@posterous.com,Male,8647391024,Yonglong
329,Calhoun Venton,cventon94@buzzfeed.com,Male,8348196292,Černilov
330,Kaye Dye,kdye95@yale.edu,Female,7412467281,Miguel Hidalgo
331,Shanan MacCosto,smaccosto96@yellowbook.com,Male,5879869968,Ostuncalco
332,Agretha Firpo,afirpo97@nsw.gov.au,Female,2638380180,Borisovka
333,Fabio Burchard,fburchard98@vimeo.com,Male,3088693555,Impendle
334,Koren Conkey,kconkey99@usgs.gov,Female,9097930202,Callanca
335,Caryl Nesbitt,cnesbitt9a@stanford.edu,Female,6488302799,Gaoqiao
336,Horacio Moloney,hmoloney9b@house.gov,Male,8468039273,Panambi
337,Chariot Dartnall,cdartnall9c@springer.com,Male,2705829181,Stopnica
338,Irving Dyett,idyett9d@telegraph.co.uk,Male,8439377867,Rosario de Lerma
339,Gnni Markussen,gmarkussen9e@amazon.co.jp,Female,8452486868,Unquillo
340,Trev Hunt,thunt9f@goodreads.com,Male,9723467810,Mesquite
341,Charlena Jaquest,cjaquest9g@google.com.hk,Female,6707261641,Stung Treng
342,Dona April,dapril9h@last.fm,Female,3489626621,Kedungcangkring
343,Daniela Theodore,dtheodore9i@bandcamp.com,Female,7233768595,Alivéri
344,Roseanna Morcomb,rmorcomb9j@dailymotion.com,Female,7059189275,Penedo
345,Angus Airth,aairth9k@trellian.com,Male,9888280958,Guaratuba
346,Lucas Hadgkiss,lhadgkiss9l@lycos.com,Male,5213560832,Rouen
347,Augy McGettrick,amcgettrick9m@ca.gov,Male,2524716033,Zhouzai
348,Noach Plowright,nplowright9n@github.com,Male,8046161752,Henglu
349,Luis Bowhay,lbowhay9o@about.me,Male,5084490230,Pagsabangan
350,Regan Hubbins,rhubbins9p@pinterest.com,Male,8993056376,Morioka-shi
351,Alix Hinge,ahinge9q@infoseek.co.jp,Male,8912827156,Jiuxian
352,Shena Fearey,sfearey9r@odnoklassniki.ru,Female,2729571223,Gjegjan
353,Steward Throssell,sthrossell9s@cornell.edu,Male,7938705791,Fotolívos
354,Hillyer Shwenn,hshwenn9t@narod.ru,Male,3876772790,Almendra
355,Donny Giampietro,dgiampietro9u@simplemachines.org,Male,9786924268,Siak Sri Indrapura
356,Sibel Learoyde,slearoyde9v@slideshare.net,Female,6935474746,Zamość
357,Jacquelynn O'Curran,jocurran9w@google.de,Female,7559672337,Boroko
358,Engelbert Mcwhinney,emcwhinney9x@furl.net,Male,6404691476,Požarevac
359,Audre Marcussen,amarcussen9y@google.com,Female,3337021545,Galitsy
360,Marja Butler-Bowdon,mbutlerbowdon9z@cbslocal.com,Female,6334276477,Ostrogozhsk
361,Anjanette Scardafield,ascardafielda0@oracle.com,Female,9972562952,Barbacena
362,Carlina Hallas,challasa1@trellian.com,Female,2447479031,Mapou
363,Vaclav MacIver,vmacivera2@e-recht24.de,Male,2582782748,Oster
364,Konstance Iston,kistona3@redcross.org,Female,2885986697,Beaverlodge
365,Rodrick Quarterman,rquartermana4@techcrunch.com,Male,5982542487,Dzorastan
366,Renell Heinl,rheinla5@parallels.com,Female,1634604813,Topdac
367,Griff Akehurst,gakehursta6@timesonline.co.uk,Male,6717990177,Makungu
368,Erie Pinks,epinksa7@wisc.edu,Male,4849110262,Manamrag
369,Leonelle Eldon,leldona8@storify.com,Female,5627137542,Long Beach
370,Erskine Ziemke,eziemkea9@wikimedia.org,Male,6482282061,Kawm Umbū
371,Cathleen Littell,clittellaa@discovery.com,Female,2457955587,Urachiche
372,Albina Wearn,awearnab@freewebs.com,Female,2743719049,Mūsa Khel Bāzār
373,Saxe Ewer,sewerac@mayoclinic.com,Male,6928226384,Creighton
374,Lorrie Piesing,lpiesingad@thetimes.co.uk,Female,2398647676,Bella Vista
375,Ulises Schwandner,uschwandnerae@unicef.org,Male,7511739624,San Ignacio de Tupile
376,Sallyann Toffano,stoffanoaf@europa.eu,Female,5535615592,Negotino
377,Fredi Hallgarth,fhallgarthag@theglobeandmail.com,Female,2021962602,Dobroměřice
378,Raymund Matas,rmatasah@biglobe.ne.jp,Male,7801782514,Novaya Derevnya
379,Valma De Angelis,vdeai@berkeley.edu,Female,3681572377,Höllviken
380,Holli Buggs,hbuggsaj@t.co,Female,6906102151,Rijeka
381,Jason Palomba,jpalombaak@goo.ne.jp,Male,9604337500,Chino
382,Desiri Wheater,dwheateral@umn.edu,Female,5015727410,Banjar Pangkungtibah Selatan
383,Amby Matitiaho,amatitiahoam@chron.com,Male,9501447396,Anhua Daying
384,Bobbi Huikerby,bhuikerbyan@huffingtonpost.com,Female,8726482188,Qui Nhon
385,Jeth Emmer,jemmerao@home.pl,Male,4474789002,Lihu
386,Jenica Stenton,jstentonap@tuttocitta.it,Female,7971499802,Jinkou
387,Archibald Gronous,agronousaq@reverbnation.com,Male,4409129359,Damao
388,Audi Ruberry,aruberryar@digg.com,Female,1106877301,Kasserine
389,Tiphani Fowell,tfowellas@huffingtonpost.com,Female,4771385074,Akkol’
390,Maryjo Strete,mstreteat@amazon.co.jp,Female,5193950153,Saripin
391,Terrijo Bracknall,tbracknallau@google.com.au,Female,8151746869,Bento Gonçalves
392,Belicia Basil,bbasilav@cdbaby.com,Female,8434943390,Diffa
393,Baryram Borrowman,bborrowmanaw@networksolutions.com,Male,5957395939,Ntoke
394,Hewet Rowlett,hrowlettax@cloudflare.com,Male,5567380930,Nizhnepavlovka
395,Morgen Conrard,mconrarday@bluehost.com,Male,1252665236,El Refugio
396,Calhoun Plampin,cplampinaz@chronoengine.com,Male,6791024821,Jiangkou
397,Scot Fries,sfriesb0@reuters.com,Male,2786870807,Chenda
398,Kandy MacIlory,kmaciloryb1@aboutads.info,Female,7394511800,Östersund
399,Myrtice Gurry,mgurryb2@pen.io,Female,8016797971,Dijon
400,Sonny Botfield,sbotfieldb3@yellowpages.com,Female,2017365733,Cikiwul Satu
401,Minetta Adam,madamb4@furl.net,Female,6397566824,Hadabei
402,Goldia Renhard,grenhardb5@cargocollective.com,Female,5548782422,Rousínov
403,Tan Finneran,tfinneranb6@imageshack.us,Male,5534976333,Saltsjöbaden
404,Hadria Besemer,hbesemerb7@nbcnews.com,Female,9464295541,Keroak
405,Merridie Depport,mdepportb8@msu.edu,Female,3297229848,Hukvaldy
406,Odelle Burg,oburgb9@weebly.com,Female,8358476464,Simeykyne
407,Fabian Jochanany,fjochananyba@parallels.com,Male,1056174732,Xiangxi
408,Konstantine Toulson,ktoulsonbb@fda.gov,Male,2582627803,Xarag
409,Derron Morston,dmorstonbc@pen.io,Male,2667327497,Qarāwat Banī Zayd
410,Joly Rodger,jrodgerbd@ucoz.com,Female,3667040080,Baranovichi
411,Gregoor Gill,ggillbe@mysql.com,Male,7693916966,Bangkle
412,Kermie Hanby,khanbybf@sina.com.cn,Male,9951895245,Shuishiying
413,Allard Cornes,acornesbg@sbwire.com,Male,8535156885,Al Mushannaf
414,Bradan Unsworth,bunsworthbh@nifty.com,Male,9419492544,San Jose
415,Fraser Riatt,friattbi@sakura.ne.jp,Male,7464637419,Rennebu
416,Thedrick Gammade,tgammadebj@ning.com,Male,9972071777,Vrané nad Vltavou
417,Ailene Siddell,asiddellbk@sciencedirect.com,Female,4553204565,Baojia
418,Con Shallcroff,cshallcroffbl@statcounter.com,Male,3638738309,Oumé
419,Cyb Blight,cblightbm@chicagotribune.com,Female,1069049697,La Libertad
420,Odilia Farlowe,ofarlowebn@symantec.com,Female,6722048100,Aţ Ţafīlah
421,Aurie MacIver,amaciverbo@last.fm,Female,3012261626,Vännäs
422,Novelia Connealy,nconnealybp@wiley.com,Female,8502406557,Ampanihy
423,Elihu Maghull,emaghullbq@alibaba.com,Male,2927747264,Sredniy
424,Bobbe Gantzer,bgantzerbr@oaic.gov.au,Female,5682708367,Campo Verde
425,Petronia Probetts,pprobettsbs@google.fr,Female,4942980694,Presidencia Roque Sáenz Peña
426,Sybyl Kording,skordingbt@illinois.edu,Female,8198530447,Corozal
427,Conrado Gaffey,cgaffeybu@google.com.au,Male,3464656516,Luqa
428,Matthieu Free,mfreebv@dailymail.co.uk,Male,7205659875,Denver
429,Matthias Agass,magassbw@scribd.com,Male,2195764596,Nykarleby
430,Nonna Fidoe,nfidoebx@yellowbook.com,Female,8972159503,Sasar
431,Lindsay Greenroyd,lgreenroydby@myspace.com,Male,2675019742,Qila Abdullāh
432,Yovonnda Ladon,yladonbz@jalbum.net,Female,5417695379,Jõhvi
433,Nels Lippingwell,nlippingwellc0@twitter.com,Male,5868651790,Krasnaya Poyma
434,Sonnie Aiers,saiersc1@constantcontact.com,Female,6779630688,Bang Kruai
435,Donavon Coutts,dcouttsc2@facebook.com,Male,7401962272,Inhambane
436,Yancey Caselick,ycaselickc3@mozilla.com,Male,7514174917,Banjar Laing
437,Cristi Fabb,cfabbc4@usatoday.com,Female,6126584198,Nybro
438,Earl Lukovic,elukovicc5@sfgate.com,Male,5175746802,Yangzi
439,Hazel Janecki,hjaneckic6@163.com,Male,5788694043,Sudoměřice
440,Alain Fawks,afawksc7@ocn.ne.jp,Male,2241274546,Plakhtiyivka
441,Cullie Hawksworth,chawksworthc8@hc360.com,Male,8795473103,Kawasaki
442,Byrle Gransden,bgransdenc9@marriott.com,Male,5912670079,Santa Marta de Penaguião
443,Prudence Patek,ppatekca@paypal.com,Female,4234150195,Myronivka
444,Shell Gilmore,sgilmorecb@bravesites.com,Male,6422092716,Wellington
445,Truda Bottoms,tbottomscc@msu.edu,Female,9458675217,Kristiansand S
446,Rodolfo Jeandon,rjeandoncd@uol.com.br,Male,3135459033,Detroit
447,Noble Swidenbank,nswidenbankce@biglobe.ne.jp,Male,1392781436,Tariji
448,Arther Ryves,aryvescf@list-manage.com,Male,9869088949,Ramat HaSharon
449,Bernardine Giffen,bgiffencg@unblog.fr,Female,9997332768,Kiloloran
450,Kasper Tuhy,ktuhych@so-net.ne.jp,Male,5852935128,Santa Cruz
451,Talya Ryrie,tryrieci@issuu.com,Female,8574379711,Saint-Raymond
452,Justis Andresen,jandresencj@slideshare.net,Male,8523591183,Nawá
453,Marice Moatt,mmoattck@mapy.cz,Female,1658719262,Mŭglizh
454,Riley Hryskiewicz,rhryskiewiczcl@webs.com,Male,4116392323,Koronadal
455,Garwood Dulake,gdulakecm@npr.org,Male,5078100044,Šuto Orizare
456,Grazia Gocher,ggochercn@examiner.com,Female,1055517383,Banjar Madangan Kaja
457,Ekaterina Jacmar,ejacmarco@bandcamp.com,Female,1123019270,Arrah
458,Daryn Stryde,dstrydecp@sciencedaily.com,Female,3339136636,Dostoyevka
459,Thorn Kingett,tkingettcq@cnbc.com,Male,2053293015,Mólos
460,Jude Pieters,jpieterscr@gravatar.com,Male,1241000981,Rogóźno
461,Iggie Dahl,idahlcs@themeforest.net,Male,9755405620,Vysotsk
462,Maury Bilsborrow,mbilsborrowct@washingtonpost.com,Male,1015088680,Xiawuqi
463,Trevor Gosenell,tgosenellcu@yahoo.com,Male,3056979145,Nartkala
464,Hilary Lidden,hliddencv@lulu.com,Male,5261766882,Xiadahe
465,Mella Sendall,msendallcw@webnode.com,Female,4101335278,Baltimore
466,Jae Ollett,jollettcx@java.com,Male,1629919192,Ghanzi
467,Marijn Juorio,mjuoriocy@dell.com,Male,7046149303,Charlotte
468,Hernando Culvey,hculveycz@webmd.com,Male,5101122894,Saño
469,Flori MacPharlain,fmacpharlaind0@bloglines.com,Female,9949703020,Chão de Couce
470,Barbaraanne Shellshear,bshellsheard1@mayoclinic.com,Female,2962897385,Qinghua
471,Aubrette Larcombe,alarcombed2@addthis.com,Female,3332407441,Tubod
472,Arlette Greenhill,agreenhilld3@va.gov,Female,5069700975,Sanxi
473,Grete Butterwick,gbutterwickd4@columbia.edu,Female,4844535446,Gaborone
474,Chelsy Crass,ccrassd5@yellowbook.com,Female,4386519264,Ouzini
475,Cordula Thulborn,cthulbornd6@newsvine.com,Female,6386574141,Derviçian
476,Cathryn Offord,coffordd7@blinklist.com,Female,2982315930,Panjakent
477,Madelaine Cribbin,mcribbind8@squidoo.com,Female,3987535330,Oksa
478,Yvor Folke,yfolked9@etsy.com,Male,7809656084,Hexi
479,Devy Smardon,dsmardonda@army.mil,Male,5971824386,Ōtawara
480,Raye Tollady,rtolladydb@harvard.edu,Female,5587124390,Kashar
481,Kaye Dourin,kdourindc@ucla.edu,Female,5797562664,Pedra Branca
482,Waylon Gove,wgovedd@spotify.com,Male,9793690823,Boca de Uchire
483,Harmonie Waddicor,hwaddicorde@aol.com,Female,6886711401,Örebro
484,Albie Stainsby,astainsbydf@yahoo.com,Male,5997280418,Rogoza
485,Merralee Leneve,mlenevedg@canalblog.com,Female,8054614783,Shuangfeng
486,Lona Irving,lirvingdh@fema.gov,Female,6349444857,Longping
487,Nadya Tagg,ntaggdi@constantcontact.com,Female,8979418854,Caburan
488,Maxie Rickford,mrickforddj@eepurl.com,Female,9912876705,Jorochito
489,Fenelia Ivison,fivisondk@howstuffworks.com,Female,3336555911,Sukaraja
490,Diane-marie Jermyn,djermyndl@artisteer.com,Female,1183876489,Dalu
491,Anthony Loch,alochdm@123-reg.co.uk,Male,4102881763,Louis Trichardt
492,Minnaminnie Delucia,mdeluciadn@surveymonkey.com,Female,6221813616,Sukamaju
493,Leeanne Soloway,lsolowaydo@biblegateway.com,Female,3255494881,Thika
494,Alena Jesteco,ajestecodp@1und1.de,Female,2219866299,Uddiawan
495,Karilynn Feake,kfeakedq@i2i.jp,Female,4381958549,Aoqiao
496,Berky Paunsford,bpaunsforddr@skype.com,Male,7004001406,Maqbanah
497,Lolly Prichet,lprichetds@hatena.ne.jp,Female,6545865126,Chachagüí
498,Cale Dimbleby,cdimblebydt@cnn.com,Male,5163841692,New Hyde Park
499,Sherman Lob,slobdu@narod.ru,Male,7941119409,Eṭ Ṭaiyiba
500,Ulysses Nutley,unutleydv@hp.com,Male,4355146876,Santa Maria do Souto
501,Sydel Lapping,slappingdw@cyberchimps.com,Female,8955381812,Mandalt
502,Corabella Bumby,cbumbydx@bigcartel.com,Female,3464491606,Nice
503,Dennie Maddaford,dmaddaforddy@sourceforge.net,Male,7902637045,Dalkey
504,Sasha Carnaman,scarnamandz@about.com,Male,9558158225,Shimoda
505,Mareah Swatradge,mswatradgee0@marriott.com,Female,5241670382,Syrostan
506,Stacey Braysher,sbrayshere1@xrea.com,Female,6958296822,Shar’ya
507,Doloritas Trollope,dtrollopee2@fema.gov,Female,8564287335,Zhongwei
508,Paul Freckleton,pfreckletone3@cam.ac.uk,Male,3249356173,Tarbes
509,Bryan Wyrill,bwyrille4@yahoo.com,Male,1949817333,Nuevitas
510,Chilton Creed,ccreede5@geocities.jp,Male,9361229167,Calaya
511,Yancey Goodinson,ygoodinsone6@i2i.jp,Male,4065816985,Jistebník
512,Briano Marusic,bmarusice7@posterous.com,Male,5434560939,Kosan
513,Ringo Bavage,rbavagee8@cnn.com,Male,2915964889,Kikuchi
514,Amil Bendon,abendone9@rediff.com,Female,5705979807,Kandete
515,Godfrey Leeb,gleebea@hud.gov,Male,4082566866,Tabanan
516,Zolly Farmery,zfarmeryeb@yahoo.com,Male,5062262896,La Concepcion
517,Leila Rolin,lrolinec@ft.com,Female,5495169024,Beiqiao
518,Barnabas Roke,brokeed@ezinearticles.com,Male,6742903988,Pshada
519,Hamlen Crossan,hcrossanee@spotify.com,Male,7983204899,Pingshan
520,Marcile Larmet,mlarmetef@reverbnation.com,Female,8841810241,Tagum
521,Bettine Gras,bgraseg@upenn.edu,Female,9974915849,Villeurbanne
522,Kalie Balser,kbalsereh@msn.com,Female,5224624530,Ilām
523,Tristam Daulton,tdaultonei@merriam-webster.com,Male,6172764424,Xinglongjie
524,Kennedy Onion,konionej@seattletimes.com,Male,5979425947,Arzila
525,Tawsha Zanetello,tzanetelloek@hatena.ne.jp,Female,6906589460,Caxarias
526,Haley Chamberlaine,hchamberlaineel@apple.com,Male,3541452269,Ondoy
527,Vito Spurrior,vspurriorem@sphinn.com,Male,2663620059,Bairro de Santo António
528,Fulton Sibun,fsibunen@vistaprint.com,Male,3448463402,Bobai
529,Olimpia Murrow,omurroweo@yale.edu,Female,1835921433,Ishim
530,Brennan Petruk,bpetrukep@cornell.edu,Male,4877821693,Marvdasht
531,Torry Winslade,twinsladeeq@gov.uk,Male,2566410461,Bondoukou
532,Gussi Oag,goager@mediafire.com,Female,1077231580,Mahdalynivka
533,Frasier Blunt,fbluntes@123-reg.co.uk,Male,3956771887,Jieshui
534,Lucilia Timothy,ltimothyet@usda.gov,Female,1349197365,Jiyang
535,Giordano Scrimgeour,gscrimgeoureu@uol.com.br,Male,6457381045,Loreto
536,Almire Vesco,avescoev@cargocollective.com,Female,8074943283,Áyioi Apóstoloi
537,Ossie de Pinna,odeew@edublogs.org,Male,5628201940,Long Beach
538,Kevon Moodie,kmoodieex@slashdot.org,Male,2567183007,Manhumirim
539,Ami Tennock,atennockey@weibo.com,Female,4099390095,Jaguaruana
540,Jacklyn Mantram,jmantramez@google.com.hk,Female,4269580858,Brody
541,Tabby Cordeux,tcordeuxf0@home.pl,Female,7357896982,Carrigtwohill
542,Salomone Hentze,shentzef1@berkeley.edu,Male,9432355060,Changgai
543,Meghann Jest,mjestf2@biblegateway.com,Female,4685107405,Ani-e
544,Lorry Mathis,lmathisf3@businesswire.com,Female,9214842884,Notre-Dame-des-Prairies
545,Lorenza Casajuana,lcasajuanaf4@census.gov,Female,7673350392,Jagiełła
546,Clyve Winfindale,cwinfindalef5@alexa.com,Male,4542548789,Ollantaytambo
547,Reider Grigoire,rgrigoiref6@google.pl,Male,2216966042,Mattawa
548,Gardner Taynton,gtayntonf7@mail.ru,Male,6925373377,Višnjićevo
549,Lowell Skillings,lskillingsf8@sphinn.com,Male,4882712173,Duas Igrejas
550,Daniela Coyett,dcoyettf9@is.gd,Female,5546302938,Oneop
551,Zaria Rape,zrapefa@archive.org,Female,8956205567,Skhodnya
552,Micah Skiggs,mskiggsfb@godaddy.com,Male,1231194763,Cucuyagua
553,Rollo Newark,rnewarkfc@sfgate.com,Male,8884926361,Sigaozhuang
554,Melisa Gooding,mgoodingfd@globo.com,Female,9098511623,Bojonggaling
555,Tadd O'Doran,todoranfe@ucsd.edu,Male,7352298817,Al Jarrāḩī
556,Wileen Stookes,wstookesff@flickr.com,Female,9307450898,Jiegan
557,Merle Eaglesham,meagleshamfg@utexas.edu,Male,5733243966,Chamouny
558,Shayne Allsworth,sallsworthfh@flickr.com,Female,6708347536,Wan Yai
559,Ernestus Buchanan,ebuchananfi@spotify.com,Male,2723907280,Onega
560,Ingrim Benezet,ibenezetfj@state.gov,Male,4969122134,Torre
561,Lynn Stonier,lstonierfk@ucoz.ru,Female,1021996827,Xiaochuan
562,Minette Woodhead,mwoodheadfl@tiny.cc,Female,3931160881,Shigony
563,Genevra Aubray,gaubrayfm@apache.org,Female,8098625167,Kiev
564,Gregorio Snibson,gsnibsonfn@cyberchimps.com,Male,3136340487,Xiaoshanzi
565,Wang Picford,wpicfordfo@theglobeandmail.com,Male,2918305867,Lleida
566,Haskel Greder,hgrederfp@networkadvertising.org,Male,7889027370,Mashizhai
567,Erie Attree,eattreefq@newsvine.com,Male,6049708201,Qaşr Hallāl
568,Mordy Shakespear,mshakespearfr@soundcloud.com,Male,3787888897,Tempuran
569,Maye Lillford,mlillfordfs@usa.gov,Female,5512161177,Treinta y Tres
570,Holden Emtage,hemtageft@yolasite.com,Male,8225270399,Amvrosiyivka
571,Evan Abbie,eabbiefu@toplist.cz,Male,4047427355,Spas’ke
572,Estele Wipper,ewipperfv@oaic.gov.au,Female,9065588103,Puger
573,Hy Buxsey,hbuxseyfw@census.gov,Male,3543205414,Samothráki
574,Gina Volet,gvoletfx@stanford.edu,Female,1864550871,Nzérékoré
575,Marita Tidbold,mtidboldfy@last.fm,Female,7074546345,Dois Córregos
576,Jasmina Montier,jmontierfz@t-online.de,Female,3267462848,Buda-Kashalyova
577,Emory Filde,efildeg0@gov.uk,Male,3481180107,Warungbuah
578,Haleigh Strivens,hstrivensg1@hp.com,Male,9821950582,Pierreville
579,Glen Cossem,gcossemg2@friendfeed.com,Male,9986782313,Welchman Hall
580,Fara Hansana,fhansanag3@nydailynews.com,Female,3316892713,Azacualpa
581,Judas Mayow,jmayowg4@walmart.com,Male,9642206021,El Paraiso
582,Nessy Corby,ncorbyg5@cdbaby.com,Female,4762169610,Elista
583,Lelah Vasile,lvasileg6@amazon.co.uk,Female,8571139301,Brody
584,Talyah Labell,tlabellg7@tamu.edu,Female,2561224323,Huntsville
585,Pepillo Vasic,pvasicg8@usa.gov,Male,8891702201,Hekou
586,Wendye Aiers,waiersg9@google.com.au,Female,2949466527,Ōbu
587,Vina Pinchbeck,vpinchbeckga@cnn.com,Female,3676518518,Jablah
588,Leonidas MacPhaden,lmacphadengb@noaa.gov,Male,6342142140,Malasila
589,Jewell Hebborne,jhebbornegc@amazon.co.uk,Female,1413680745,Kanuma
590,Berky Girone,bgironegd@cargocollective.com,Male,8306942695,Ingå
591,Lynn Ucceli,luccelige@arizona.edu,Female,8774678394,Maswa
592,Katha Olivari,kolivarigf@is.gd,Female,8609390848,Wasquehal
593,Eryn Maruszewski,emaruszewskigg@auda.org.au,Female,3339163698,Hovås
594,Daile Fradgley,dfradgleygh@apple.com,Female,2095556352,Yakimovo
595,Torr Decayette,tdecayettegi@wikispaces.com,Male,2042882328,Nueva Helvecia
596,Othella Ranby,oranbygj@ovh.net,Female,4347155580,Pryyutivka
597,Batsheva Pawlyn,bpawlyngk@blogtalkradio.com,Female,5712271211,Richmond
598,Cayla Signorelli,csignorelligl@sbwire.com,Female,2042761980,Qümong
599,Kaspar Jehaes,kjehaesgm@artisteer.com,Male,5179069028,La Breita
600,Eldin Assinder,eassindergn@pagesperso-orange.fr,Male,8503621551,Longcheng
601,Donny Mansell,dmansellgo@hhs.gov,Male,3591404224,Yasinya
602,Archy Buckenham,abuckenhamgp@disqus.com,Male,5261340915,Sorocaba
603,Micky Radki,mradkigq@pen.io,Male,5571523869,Yinhedahan’er
604,Georgina Brettle,gbrettlegr@mozilla.org,Female,8725108857,Kirovskiy
605,Auberon McBratney,amcbratneygs@trellian.com,Male,4679191172,Petropavlovsk
606,Devonna Pigott,dpigottgt@unblog.fr,Female,2338736091,Liancheng
607,Rustie Keston,rkestongu@jugem.jp,Male,6114839370,Rembes
608,Noach Crassweller,ncrasswellergv@mit.edu,Male,6566864534,Covão
609,Mordy Godard,mgodardgw@seattletimes.com,Male,8148162390,Saposoa
610,Alexandro Kibbee,akibbeegx@tripod.com,Male,6643090965,Qiryat Motzkin
611,Kellyann Pygott,kpygottgy@pagesperso-orange.fr,Female,4129932393,Pittsburgh
612,Bari Joerning,bjoerninggz@istockphoto.com,Female,8256862515,Caseros
613,Jorge Jimenez,jjimenezh0@sourceforge.net,Male,6714688783,Piru
614,Noe Stegers,nstegersh1@wisc.edu,Male,7439828982,Vanadzor
615,Lennie Northidge,lnorthidgeh2@scribd.com,Male,9113690019,Ouyang
616,Fredek Belli,fbellih3@diigo.com,Male,7424680653,Hoktember
617,Brynna Shillom,bshillomh4@webnode.com,Female,7711313930,Pajoreja
618,Budd Clowton,bclowtonh5@domainmarket.com,Male,9292826869,Idi Iroko
619,Braden Gendricke,bgendrickeh6@harvard.edu,Male,2958940670,Insrom
620,Rhea Kitchenside,rkitchensideh7@google.ru,Female,1915928391,Wailebe
621,Gabby Piscot,gpiscoth8@gmpg.org,Male,3037235982,Chutove
622,Shurlock Batsford,sbatsfordh9@ft.com,Male,8458970662,Włosienica
623,Gabey Collidge,gcollidgeha@uol.com.br,Female,3219181328,Pinellas Park
624,Luci Paulet,lpaulethb@digg.com,Female,2523222808,Tours
625,Inness Chrestien,ichrestienhc@tinyurl.com,Male,7191365567,Colorado Springs
626,Uriah Cluelow,ucluelowhd@mapquest.com,Male,9193648986,Alcala
627,Teodorico Downes,tdowneshe@theglobeandmail.com,Male,9299383281,Jiaze
628,Renelle Meriot,rmeriothf@japanpost.jp,Female,8332364249,Priiskovyy
629,Berny Aizikov,baizikovhg@ovh.net,Male,9886743209,Samut Songkhram
630,Lorilyn Glenwright,lglenwrighthh@mit.edu,Female,6983952245,Cuiabá
631,Sonny Menaul,smenaulhi@amazon.de,Male,8744995407,Krajan
632,Eada Dunge,edungehj@spotify.com,Female,4884331813,Novoderevyankovskaya
633,Carmelina Beadnell,cbeadnellhk@bloglines.com,Female,2369407188,Karangsuko
634,Keelby Hilldrup,khilldruphl@cam.ac.uk,Male,1396933994,Alingsås
635,Greer Gillum,ggillumhm@statcounter.com,Female,2301285416,Guxi
636,Grannie Gudd,gguddhn@marriott.com,Male,6799731122,Netanya
637,Rennie Massot,rmassotho@ebay.com,Female,5689065494,Qingyuan
638,Robby Learoid,rlearoidhp@wisc.edu,Male,4872673771,Partille
639,Wilden Hyde,whydehq@state.gov,Male,2988425064,Orion
640,Sosanna Geely,sgeelyhr@i2i.jp,Female,3586211533,Yemva
641,Florie Slemming,fslemminghs@bloglines.com,Female,7804951492,Jiebu
642,Robyn Villaron,rvillaronht@edublogs.org,Female,6628457375,Všeruby
643,Redd MacGarvey,rmacgarveyhu@reverbnation.com,Male,4366008868,Florencia
644,Viviyan Surguine,vsurguinehv@exblog.jp,Female,2789475039,Siluman
645,Ruthie Gilardoni,rgilardonihw@dedecms.com,Female,8337660362,Laju Kidul
646,Vic Gilhouley,vgilhouleyhx@apple.com,Male,6406625091,Jimsar
647,Inge L'Hommee,ilhommeehy@tumblr.com,Female,5186105585,Strasbourg
648,Mair Sinton,msintonhz@army.mil,Female,7009481985,Campo Verde
649,Belle Hebborn,bhebborni0@altervista.org,Female,7541987034,Esplanada
650,Bern Camelli,bcamellii1@pen.io,Male,6694497631,Boituva
651,Candra MacTague,cmactaguei2@indiegogo.com,Female,4619716375,San Antonio
652,Lula Goodinson,lgoodinsoni3@meetup.com,Female,1687231916,Bakunase
653,Lowrance Doumerc,ldoumerci4@posterous.com,Male,9196221179,Dzwola
654,Lee Houlaghan,lhoulaghani5@nih.gov,Male,4504119097,Besançon
655,Demott Twelvetree,dtwelvetreei6@about.com,Male,6966655638,Ulricehamn
656,Terencio Frudd,tfruddi7@paypal.com,Male,4981229453,Alavieska
657,Gus Extal,gextali8@xinhuanet.com,Female,9776180351,Qingyang
658,Jaclyn Greydon,jgreydoni9@last.fm,Female,1628376815,Blinsung
659,Decca Arons,daronsia@prnewswire.com,Male,5045827966,La Colorada
660,Maybelle Sommerfeld,msommerfeldib@blogger.com,Female,8795196833,Lavezares
661,Romeo Frankes,rfrankesic@theguardian.com,Male,3902095095,Stockholm
662,Odele Bowlas,obowlasid@theglobeandmail.com,Female,6706153229,Aoufous
663,Husain Edgehill,hedgehillie@yale.edu,Male,8233793565,Kajansi
664,Dyanna Ebbings,debbingsif@hhs.gov,Female,2709830060,Bukal Sur
665,Hartley Whale,hwhaleig@acquirethisname.com,Male,6723765442,Thị Trấn Mường Khến
666,Jeremy Davioud,jdavioudih@fema.gov,Male,1316284305,Rambouillet
667,Shauna Mealham,smealhamii@time.com,Female,3142346447,Den Haag
668,Ibrahim Drohane,idrohaneij@businessinsider.com,Male,9899847170,Kario
669,Bink McGilvray,bmcgilvrayik@ucsd.edu,Male,4567955974,Shuibatang
670,Giraud Burrus,gburrusil@reddit.com,Male,6196154909,Sheshan
671,Powell Ottosen,pottosenim@t-online.de,Male,7848867017,Majengo
672,Bevan Scurrah,bscurrahin@google.ru,Male,6407415037,Jarash
673,Kenna Maren,kmarenio@dot.gov,Female,5837704882,Chinú
674,Gayelord Camsey,gcamseyip@symantec.com,Male,9174915005,Larvik
675,Kala Raccio,kraccioiq@quantcast.com,Female,7381978153,Batouri
676,Nariko Jewks,njewksir@woothemes.com,Female,2321275039,Bordeaux
677,Maribelle Robel,mrobelis@scribd.com,Female,5208726779,Knyazhichi
678,Tallou Saines,tsainesit@bloglovin.com,Female,8426088455,Mangas
679,Alicea Sowrah,asowrahiu@nbcnews.com,Female,1165065307,Ngô Đồng
680,Yulma Lenthall,ylenthalliv@google.com.br,Male,4831815739,Nogueira do Cravo
681,Hunter Dakers,hdakersiw@1688.com,Male,1745411530,Irahuan
682,Hadley Coad,hcoadix@smugmug.com,Male,9676765096,Chimboy Shahri
683,Marigold Ayre,mayreiy@ezinearticles.com,Female,4499429822,Desa Baregbeg
684,Alyce Gepheart,agepheartiz@mac.com,Female,3461035275,Dashiqiao
685,Emmaline Hardwidge,ehardwidgej0@pbs.org,Female,4302928450,Lagos da Beira
686,Becca Edgeson,bedgesonj1@phoca.cz,Female,4408920470,Valence
687,Julianna Wickens,jwickensj2@bigcartel.com,Female,9133454087,Mingyihe
688,Paddie Scorton,pscortonj3@omniture.com,Male,6562219165,Sahatsakhan
689,Harrison Pittet,hpittetj4@altervista.org,Male,5152134896,Izmaylovo
690,Quintana Pfeffel,qpfeffelj5@nytimes.com,Female,7557418706,Muli
691,Zechariah Olcot,zolcotj6@joomla.org,Male,1262940353,Shaydon
692,Forrester Stobie,fstobiej7@house.gov,Male,6397474802,Bousso
693,Maggee Staves,mstavesj8@csmonitor.com,Female,6856084323,Tulungrejo
694,Kerrin Besantie,kbesantiej9@i2i.jp,Female,3183051107,Riba de Ave
695,Kennedy Georgeau,kgeorgeauja@twitter.com,Male,6968758577,Palangue
696,Danny Coyish,dcoyishjb@123-reg.co.uk,Male,2823354336,Buni Yadi
697,Jolee Varsey,jvarseyjc@reverbnation.com,Female,8577922203,Carleton-sur-Mer
698,Ulrika Greaser,ugreaserjd@blogspot.com,Female,7315730395,Lyalichi
699,Karen Girardini,kgirardinije@nasa.gov,Female,4367698570,Ouahigouya
700,Marquita Carruth,mcarruthjf@tamu.edu,Female,9298026937,Loboniki
701,Lukas Laidler,llaidlerjg@taobao.com,Male,2199515373,Chenda
702,Herman Schimpke,hschimpkejh@fotki.com,Male,7575136567,Kamiichi
703,Cynthia Cluse,ccluseji@kickstarter.com,Female,1674069400,San Isidro
704,Milicent Olivo,molivojj@g.co,Female,7007656756,Strazhitsa
705,Jakie O'Tierney,jotierneyjk@cmu.edu,Male,8372733751,Charqueadas
706,Brewer Pactat,bpactatjl@shareasale.com,Male,3506063963,Charras
707,Vernice Schwandner,vschwandnerjm@timesonline.co.uk,Female,6606493669,Taroudant
708,Jesus Casale,jcasalejn@delicious.com,Male,6247948813,Michurinskoye
709,Nolie Cleave,ncleavejo@livejournal.com,Female,4901013331,Berëzovka
710,Wilhelmina Rowan,wrowanjp@scribd.com,Female,6535847439,Penggakrajeng
711,Melisenda Cattlow,mcattlowjq@elegantthemes.com,Female,3145480429,Tân Việt
712,Vanya Pund,vpundjr@ustream.tv,Female,6501030886,Karangbayat
713,Gregoire Sokale,gsokalejs@msn.com,Male,5945418159,Ndano
714,Mike Deinhard,mdeinhardjt@foxnews.com,Male,6804763457,Yushu
715,Odie Crowder,ocrowderju@princeton.edu,Male,7817458229,Aurora
716,Quentin Barwell,qbarwelljv@bigcartel.com,Female,2179417522,Zárkos
717,Aigneis Zanardii,azanardiijw@google.com,Female,4224389572,Nueva Italia
718,Fania Mangeon,fmangeonjx@foxnews.com,Female,1251092656,Algarvia
719,Myron Simmans,msimmansjy@technorati.com,Male,2825137009,Badou
720,Broderick Severn,bsevernjz@themeforest.net,Male,2571383314,Zaozhuang
721,Lutero Franies,lfraniesk0@twitter.com,Male,2743758820,Wangliao
722,Sheila Abrahamowitcz,sabrahamowitczk1@cdbaby.com,Female,1237583341,Mentaraman Satu
723,Raoul Gaitley,rgaitleyk2@washingtonpost.com,Male,7221559770,Ban Pong
724,Carita Woolens,cwoolensk3@ovh.net,Female,5109780833,Xitianwei
725,Ulysses Rankcom,urankcomk4@theatlantic.com,Male,6302533785,Kafr Zaytā
726,Ganny Kemitt,gkemittk5@telegraph.co.uk,Male,6324152165,Rikitea
727,Brock Stannus,bstannusk6@fema.gov,Male,4868919971,Ubajami
728,Peder Philpots,pphilpotsk7@squarespace.com,Male,9972126807,Mehron
729,Dalston Thomasset,dthomassetk8@blinklist.com,Male,5843270532,Hrvatini
730,Wakefield Phripp,wphrippk9@goodreads.com,Male,6533248784,Dahuaishu
731,Wes Katte,wkatteka@wikimedia.org,Male,3581737464,Chidian
732,Bernardo Milsap,bmilsapkb@technorati.com,Male,7767886736,Korenovsk
733,Egor Gariff,egariffkc@cloudflare.com,Male,3178600263,Pho Duc
734,Stoddard Longmead,slongmeadkd@eventbrite.com,Female,9402830573,Qingshan
735,Pauli Melia,pmeliake@psu.edu,Female,6757014731,Nambalan
736,Willie Trengrouse,wtrengrousekf@wufoo.com,Female,4078802276,Pensacola
737,Gregorio Scrase,gscrasekg@artisteer.com,Male,6113982474,Podgórzyn
738,Liz Terbeek,lterbeekkh@tinyurl.com,Female,4976319875,Pali
739,Bogart Allardyce,ballardyceki@columbia.edu,Male,4981396943,Borås
740,Cory Stenner,cstennerkj@privacy.gov.au,Female,8968324312,Bernay
741,Harvey Hustler,hhustlerkk@t-online.de,Male,4196057879,Daliciasao
742,Othello Bortoloni,obortolonikl@wikia.com,Male,2327140836,Galatás
743,Laurens Cabble,lcabblekm@ucoz.com,Male,9651179371,Hujirt
744,Timi Robillart,trobillartkn@princeton.edu,Female,3492863952,Buurhakaba
745,Finley Rowling,frowlingko@globo.com,Male,3303134945,Xigou
746,Prissie Burnyate,pburnyatekp@sbwire.com,Female,2002135316,Talangnan
747,Julieta Eaden,jeadenkq@uol.com.br,Female,9774845842,Nelson
748,Catarina Waymont,cwaymontkr@aboutads.info,Female,5904002245,Thomassique
749,Truda Ashment,tashmentks@about.me,Female,2164235278,San Alejandro
750,Darb Kuhwald,dkuhwaldkt@feedburner.com,Female,9769168710,Luokou
751,Glenn Brownsey,gbrownseyku@goo.ne.jp,Female,6881464940,San Isidro
752,Alden Haighton,ahaightonkv@ucoz.ru,Male,4067672625,Mossoró
753,Lenka Salzberg,lsalzbergkw@npr.org,Female,9347731149,Morocelí
754,Morlee Freen,mfreenkx@wisc.edu,Male,7196923833,Cambé
755,Avril Borthram,aborthramky@wired.com,Female,5258147340,Tenja
756,Kerri Fake,kfakekz@weibo.com,Female,5391901385,Kokkári
757,Gunter Haken,ghakenl0@artisteer.com,Male,1398749404,Zhuangxing
758,Deidre Lebond,dlebondl1@arizona.edu,Female,7234555961,Tobruk
759,Tandie Jevon,tjevonl2@globo.com,Female,7028294469,Unecha
760,Louise Pauncefort,lpauncefortl3@weebly.com,Female,5651806036,Pār Naogaon
761,Noble Meiningen,nmeiningenl4@xinhuanet.com,Male,7931007961,Newlands
762,Eadith de Quesne,edel5@cyberchimps.com,Female,6065780716,Cigintung
763,Jerrylee Abbe,jabbel6@bravesites.com,Female,5434609344,Suru
764,Haroun Sellek,hsellekl7@sina.com.cn,Male,1676155660,Kotabaru
765,Edith Doag,edoagl8@reuters.com,Female,9936397058,Kose
766,Lori Synder,lsynderl9@yellowpages.com,Female,4413887753,Pereira
767,Dag Caldero,dcalderola@amazon.co.uk,Male,4323867819,Darvi
768,Gus Ebunoluwa,gebunoluwalb@spiegel.de,Male,8012660739,Kuštilj
769,Carmelina Bischof,cbischoflc@arizona.edu,Female,4366934914,Invercargill
770,Alyssa Sergant,asergantld@deviantart.com,Female,9952568748,Dizangué
771,Nalani Robertot,nrobertotle@tmall.com,Female,2251388195,Dolinsk
772,Cletis Dominetti,cdominettilf@odnoklassniki.ru,Male,2708820813,Smołdzino
773,Glynda Marthen,gmarthenlg@salon.com,Female,4772578202,Krajansumbermujur
774,Blaine Rowsell,browselllh@purevolume.com,Male,4986440658,Beruniy
775,Earle Hurler,ehurlerli@wisc.edu,Male,7076696395,Amio
776,Jeremias Kristof,jkristoflj@senate.gov,Male,4737187865,Babat
777,Tedra Speight,tspeightlk@earthlink.net,Female,9341875730,Vejprnice
778,Beryle Lace,blacell@issuu.com,Female,7493381685,Shuidun
779,Denni Ielden,dieldenlm@senate.gov,Female,6364174382,El Viejo
780,Gonzalo Boyington,gboyingtonln@ca.gov,Male,3413105257,Tougan
781,Xenos Cristofanini,xcristofaninilo@spiegel.de,Male,9042298592,Tadou
782,Panchito Braddock,pbraddocklp@businessinsider.com,Male,1662328045,Gulou
783,Darci Thoumasson,dthoumassonlq@amazon.co.jp,Female,9328743483,Morje
784,Nani Croizier,ncroizierlr@rambler.ru,Female,3886841024,Khanu Woralaksaburi
785,Karlen Byfford,kbyffordls@istockphoto.com,Female,8996105719,Cheqiao
786,Fanchon Houchin,fhouchinlt@vk.com,Female,5261910711,Zhichu
787,Langston Craythorn,lcraythornlu@qq.com,Male,9077877662,Mała Wieś
788,Gelya Porkiss,gporkisslv@wsj.com,Female,6848955337,Mlanggeng
789,Tally Bigglestone,tbigglestonelw@mit.edu,Male,1658908042,Candelaria
790,Astrid Milne,amilnelx@dyndns.org,Female,2529554219,Hässleholm
791,Clevie Drewe,cdrewely@microsoft.com,Male,9746194591,Jalpatagua
792,Ina Grishmanov,igrishmanovlz@amazon.com,Female,6212641384,Frýdlant
793,Hunt Mawdsley,hmawdsleym0@psu.edu,Male,1325342289,Hashaat
794,Astra Van Der Weedenburg,avanm1@stumbleupon.com,Female,5547470614,Kaeng Khoi
795,Jenifer Kennedy,jkennedym2@amazon.co.uk,Female,8831841932,Ocaña
796,Aldrich McComas,amccomasm3@desdev.cn,Male,1446109687,Gudja
797,Elvera Goulstone,egoulstonem4@vistaprint.com,Female,7733970160,El Pino
798,Bevan Poff,bpoffm5@sphinn.com,Male,4154240101,Garissa
799,Shayla Minkin,sminkinm6@google.ca,Female,4332023263,Sulęcin
800,Antoinette Reidshaw,areidshawm7@desdev.cn,Female,6537003047,Nakamura
801,Broderick Blayney,bblayneym8@blog.com,Male,5298853571,Erping
802,Barth Scurrah,bscurrahm9@youtube.com,Male,3615182756,Perené
803,Oates Greaser,ogreaserma@patch.com,Male,7316617888,Shinjō
804,Kati Yushachkov,kyushachkovmb@weibo.com,Female,9877093031,Nihaona
805,Decca Trelevan,dtrelevanmc@youku.com,Male,8023628780,Hekou
806,Ramsey Maypes,rmaypesmd@wp.com,Male,8596006261,Conchagua
807,Sigvard Bewsy,sbewsyme@bloglines.com,Male,2148545972,Ginowan
808,Odelinda McAlpine,omcalpinemf@imageshack.us,Female,6827362867,Dobřany
809,Tommie Grattan,tgrattanmg@acquirethisname.com,Male,9034149879,Quanxi
810,Orazio Veneur,oveneurmh@nasa.gov,Male,8252766221,Saint-Ambroise
811,Bealle Sayer,bsayermi@google.com,Male,2376334279,Drakhtik
812,Cleveland Stiff,cstiffmj@arizona.edu,Male,1607351343,Batujaran
813,Ody Cheale,ochealemk@php.net,Male,7392276798,Chigang
814,Krishna McCrainor,kmccrainorml@nsw.gov.au,Male,5049457747,Limulunga
815,Edy Buyers,ebuyersmm@irs.gov,Female,7389075950,Klyuchevskiy
816,Munroe Ruppert,mruppertmn@ucoz.com,Male,8264685255,Jinchang
817,Shannon Meeus,smeeusmo@digg.com,Female,1251372329,Sławoborze
818,Margit Farey,mfareymp@admin.ch,Female,9068536829,Xibing
819,Lief Paviour,lpaviourmq@google.cn,Male,6073815313,Qiaozhuang
820,Dulcea Calderon,dcalderonmr@so-net.ne.jp,Female,3403405022,Utrecht (stad)
821,Merola O'Fallowne,mofallownems@spotify.com,Female,3952334530,Gechuan
822,Bride Treece,btreecemt@foxnews.com,Female,2669083294,Dongjiao
823,Morley Odom,modommu@bloomberg.com,Male,1905372161,Quezon City
824,Carolyn Mersey,cmerseymv@ucoz.ru,Female,5557019394,Lasiana
825,Richardo Whitehall,rwhitehallmw@moonfruit.com,Male,9231877905,Al ‘Alamayn
826,Pattin Gornal,pgornalmx@usda.gov,Male,7761971752,Casuguran
827,Trip McKew,tmckewmy@ehow.com,Male,6498638213,Estancia
828,Chevy Betteridge,cbetteridgemz@amazon.co.jp,Male,1007158463,Temanjang
829,Charmine Gainforth,cgainforthn0@ftc.gov,Female,5531224689,‘Ayn Ḩalāqīm
830,Christine Barthelet,cbartheletn1@ibm.com,Female,6499389524,Hasan
831,Marni Povele,mpovelen2@time.com,Female,4583069102,Itaberaba
832,Abagail Scargill,ascargilln3@home.pl,Female,8739553557,Kerikeri
833,Glynnis Hindenburg,ghindenburgn4@spotify.com,Female,7064647151,Pau
834,Brannon Avramov,bavramovn5@studiopress.com,Male,6578121094,Esparza
835,Sabina Cruxton,scruxtonn6@statcounter.com,Female,9656373272,Kankara
836,Ema Hritzko,ehritzkon7@yellowbook.com,Female,3594343837,Bulawayo
837,Patty Kisbey,pkisbeyn8@dot.gov,Male,9915976103,Conde
838,Briny Rawll,brawlln9@facebook.com,Female,4477303204,Xijiao
839,Nikos Crichmer,ncrichmerna@jimdo.com,Male,4561296902,Cential
840,Elbertine Jarmain,ejarmainnb@sitemeter.com,Female,2487803535,Farmington
841,Tulley Hof,thofnc@deliciousdays.com,Male,4453212693,Trairi
842,Onfre Roux,orouxnd@digg.com,Male,5548494032,Nueva Imperial
843,Seline Arnall,sarnallne@un.org,Female,8978779253,Mahuta
844,Georgetta Cordie,gcordienf@gravatar.com,Female,4204300908,Ivanteyevka
845,Dieter Shiels,dshielsng@businessweek.com,Male,7737010054,Botucatu
846,Allen Ambrogelli,aambrogellinh@clickbank.net,Male,1698142639,Nglego
847,Belia Odeson,bodesonni@ebay.com,Female,2955280254,Librazhd-Qendër
848,Nevil Abrahamsson,nabrahamssonnj@devhub.com,Male,5936662065,Bao’an
849,Lilia McNuff,lmcnuffnk@blogger.com,Female,5952866136,Longka
850,Tommy Andryunin,tandryuninnl@bravesites.com,Female,8493578122,Tours
851,Wren Kettlesting,wkettlestingnm@newsvine.com,Female,1153405278,Proença-a-Nova
852,Madeline Birks,mbirksnn@addthis.com,Female,2167906276,Cilimus Kulon
853,Mil Ingarfield,mingarfieldno@webeden.co.uk,Female,3286441393,Arlöv
854,Shanan Gerred,sgerrednp@squidoo.com,Male,2179187924,Toužim
855,Siegfried Feldmann,sfeldmannnq@prlog.org,Male,9977920765,Muara Siberut
856,Todd Gimenez,tgimeneznr@wix.com,Male,3484215380,Karangtanjung
857,Evelina Crissil,ecrissilns@moonfruit.com,Female,7486409934,Skutskär
858,Mead Chalice,mchalicent@furl.net,Female,1207048271,Ciawi
859,Tripp Cosson,tcossonnu@illinois.edu,Male,8423406744,Koper
860,Westleigh Greenset,wgreensetnv@addtoany.com,Male,5291236391,Bouça
861,Burnard Van Der Walt,bvannw@unc.edu,Male,5583533266,Krabi
862,Christophe Armand,carmandnx@networksolutions.com,Male,8163960999,Iława
863,Amory Clow,aclowny@wordpress.org,Male,2517672281,Sumbergebang
864,Ade Wilding,awildingnz@twitter.com,Male,3138543413,Rumelange
865,Daniela Radbourne,dradbourneo0@barnesandnoble.com,Female,3297769593,Kandun
866,Sharleen Wyness,swynesso1@tuttocitta.it,Female,6538484883,Bhisho
867,Torrey Frissell,tfrissello2@pcworld.com,Male,4626179350,Shabo
868,Ninnette Creggan,ncreggano3@hc360.com,Female,2964447713,Tanay
869,Gun Jolin,gjolino4@hatena.ne.jp,Male,3554871017,Rēzekne
870,Terry Hulls,thullso5@lycos.com,Female,1412744010,Anaráchi
871,Dehlia Beddoe,dbeddoeo6@bizjournals.com,Female,4223064586,Uppsala
872,Dannie Wyllis,dwylliso7@gravatar.com,Female,5749190623,Sanya
873,Artemus Trownson,atrownsono8@baidu.com,Male,7515800767,Qijia
874,Vallie Semon,vsemono9@wunderground.com,Female,1542291962,Bonriki Village
875,Hasty Chittey,hchitteyoa@comcast.net,Male,8567403091,Petrokamenskoye
876,Cordelia Roche,crocheob@bing.com,Female,6774598043,Peachland
877,Tomasine MacBain,tmacbainoc@yelp.com,Female,6221484134,Kugesi
878,Seamus Ciccotto,sciccottood@4shared.com,Male,6177148479,Krasnogorskiy
879,Sorcha Aldous,saldousoe@microsoft.com,Female,3216554880,Jönköping
880,Sula Berling,sberlingof@paypal.com,Female,3057844093,Nankou
881,Celinka Jeremaes,cjeremaesog@discuz.net,Female,4996885772,Sājir
882,Benetta Tixall,btixalloh@tinyurl.com,Female,4454156127,Danville
883,Daile Lumox,dlumoxoi@zimbio.com,Female,5949466234,Lingyuan
884,Salome Mackilpatrick,smackilpatrickoj@delicious.com,Female,3169116427,El Tabo
885,Claudette Lockwood,clockwoodok@1688.com,Female,7265733874,Guacara
886,Philbert Seel,pseelol@nymag.com,Male,5421131597,Sa’erhusong
887,Raphaela Wadham,rwadhamom@blogger.com,Female,2833154048,Abucayan
888,Emerson Alvaro,ealvaroon@scribd.com,Male,1734196776,Melaka
889,Evy Alelsandrowicz,ealelsandrowiczoo@shinystat.com,Female,6381714018,Xipingle
890,Garek Rabbatts,grabbattsop@networkadvertising.org,Male,8564410913,Kilimatinde
891,Angus Hurcombe,ahurcombeoq@cbslocal.com,Male,6672660408,Guojiazhuang
892,Petunia Adel,padelor@hubpages.com,Female,4058665650,Tumbes
893,Brittaney Cardow,bcardowos@123-reg.co.uk,Female,5075101022,Moquegua
894,Elisabetta Calder,ecalderot@is.gd,Female,1464999042,Jiaohu
895,Morley De Angelo,mdeou@pen.io,Male,8182787659,Brades
896,Ethe Braidon,ebraidonov@dell.com,Male,6437766822,Hayes
897,Shawna Phinnis,sphinnisow@mozilla.com,Female,6693241859,Boden
898,Lorilee Towey,ltoweyox@fotki.com,Female,7055139042,Bologna
899,Even Dary,edaryoy@cdc.gov,Male,5396007609,Noda
900,Brucie Fandrey,bfandreyoz@exblog.jp,Male,5236673125,Taganskiy
901,Cristie Scrowston,cscrowstonp0@woothemes.com,Female,4064568914,Rawawilis
902,Arnuad Barbisch,abarbischp1@elegantthemes.com,Male,7344056612,Maple Ridge
903,Ermanno Thacker,ethackerp2@wordpress.com,Male,3946784105,Presidente Bernardes
904,Rutledge Kuhlen,rkuhlenp3@twitpic.com,Male,3336639506,Baizhifang
905,Thaxter Rysom,trysomp4@discuz.net,Male,4213565038,Yolöten
906,Brendan Bemment,bbemmentp5@google.co.jp,Male,1068472828,Munse
907,Ardine Dobbyn,adobbynp6@spotify.com,Female,9428856959,Cobh
908,Brigida Meadley,bmeadleyp7@g.co,Female,4281375072,Seidu
909,Torry Baumler,tbaumlerp8@dyndns.org,Male,6891801694,Songgui
910,Sandro Childers,schildersp9@photobucket.com,Male,1682606302,Cabreúva
911,Lief Peirce,lpeircepa@ow.ly,Male,5001573591,Manogay
912,Augustus Edie,aediepb@businessinsider.com,Male,9737504593,Santa Catalina - Dique Lujan
913,Tamas Pauly,tpaulypc@forbes.com,Male,9527259861,Tibakisa
914,Nomi Castanares,ncastanarespd@odnoklassniki.ru,Female,7946733893,Mwinilunga
915,Fara Crowdace,fcrowdacepe@eepurl.com,Female,6679262391,Pedroso
916,Kerwin Braganca,kbragancapf@phpbb.com,Male,6812395567,Oropós
917,Maible Hemms,mhemmspg@fema.gov,Female,8404882128,Motala
918,Ewan Cready,ecreadyph@networksolutions.com,Male,1103729349,Putina
919,Tracey Bonanno,tbonannopi@hp.com,Female,5435866492,Pedra
920,Berny Whatsize,bwhatsizepj@icq.com,Male,7015338161,Houmt Souk
921,Adham Tollady,atolladypk@wisc.edu,Male,4205275669,Wulan Hada
922,Elisabeth McLaggan,emclagganpl@about.me,Female,3639732608,Manis Mekarwangi
923,Prentiss Eynaud,peynaudpm@so-net.ne.jp,Male,9679609788,Penaraga
924,Candi Wennington,cwenningtonpn@auda.org.au,Female,9637963437,Wesoła
925,Chad Tuting,ctutingpo@patch.com,Female,1414977522,Kudang
926,Wilone Edinboro,wedinboropp@bluehost.com,Female,3791410758,Shitang
927,Price MacCurtain,pmaccurtainpq@census.gov,Male,9409801952,Březová nad Svitavou
928,Timmie Nansom,tnansompr@noaa.gov,Male,2806932826,Baoxia
929,Charissa Walasik,cwalasikps@simplemachines.org,Female,4859941166,Tiền Hải
930,Miner Kibble,mkibblept@usa.gov,Male,2223858602,Rustam jo Goth
931,Lyndsay Bordessa,lbordessapu@narod.ru,Female,9729921747,Mangxing
932,Auria Gobbett,agobbettpv@jigsy.com,Female,6096831780,Okcheon
933,Erinn Surmeyers,esurmeyerspw@homestead.com,Female,8476715533,Daphu
934,Ange Tunn,atunnpx@dagondesign.com,Female,4807099924,Souto do Meio
935,Ancell McClinton,amcclintonpy@businessweek.com,Male,3033521145,Duobaoshan
936,Gayelord Barhems,gbarhemspz@slideshare.net,Male,2312049442,Manghit
937,Artie Summerton,asummertonq0@bandcamp.com,Male,3304639976,Tiang
938,Terri-jo Binnie,tbinnieq1@furl.net,Female,1212421313,Edsbyn
939,Ransell Wannell,rwannellq2@earthlink.net,Male,1175233384,Vostryakovo
940,Adan Macklam,amacklamq3@abc.net.au,Male,7242762491,Polonnaruwa
941,Yanaton Flaonier,yflaonierq4@unblog.fr,Male,4361576333,Sade
942,Tamara Rikel,trikelq5@time.com,Female,2651398019,Maliuzui
943,Ashlee Fransemai,afransemaiq6@hugedomains.com,Female,8143800058,Xingang
944,Pen Brisard,pbrisardq7@nytimes.com,Male,7681111706,Pravda
945,Starlene Matura,smaturaq8@nyu.edu,Female,7285293667,Cojutepeque
946,Jenn Houdhury,jhoudhuryq9@deviantart.com,Female,9605986620,Dubna
947,Damian Hought,dhoughtqa@cafepress.com,Male,7802003657,Pedreira
948,Garrard Ackerman,gackermanqb@wsj.com,Male,1959165144,Chonglou
949,Christoffer Wrotchford,cwrotchfordqc@de.vu,Male,9271307760,Yinxi
950,Codie Baish,cbaishqd@baidu.com,Male,8086143691,Maguyam
951,Lenette Radloff,lradloffqe@cnet.com,Female,2762473295,Diapaga
952,Dennison Pymm,dpymmqf@uol.com.br,Male,4808315815,Cibalung
953,Lissi Brimelow,lbrimelowqg@t-online.de,Female,9491059487,El Benque
954,Kale Joscelyn,kjoscelynqh@addtoany.com,Male,7273089589,Saint Petersburg
955,Dallis Essame,dessameqi@hibu.com,Male,6777136551,Admiralteisky
956,Kaleb Deporte,kdeporteqj@phoca.cz,Male,2179452889,Luohuang
957,Matilde Iceton,micetonqk@nsw.gov.au,Female,1705388956,Lingyuan
958,Connor MacSweeney,cmacsweeneyql@sciencedaily.com,Male,1374979638,Nalus
959,Ceil Campaigne,ccampaigneqm@virginia.edu,Female,7132658985,Ipaba
960,Stace Kiehnlt,skiehnltqn@indiegogo.com,Female,9706011262,Moholm
961,Iolande Bloxsome,ibloxsomeqo@fastcompany.com,Female,5009261803,Coutada
962,Franklyn Benz,fbenzqp@who.int,Male,3476960838,Murcki
963,Minnie Rudledge,mrudledgeqq@jalbum.net,Female,1375852625,Police nad Metují
964,Vinson Chatainier,vchatainierqr@yahoo.com,Male,9466385531,R S
965,Paco Durden,pdurdenqs@nih.gov,Male,9081945392,Tigpalay
966,Virginia Benoey,vbenoeyqt@squarespace.com,Female,8142192783,Lipka
967,Broddy Stemson,bstemsonqu@eventbrite.com,Male,9715221112,Pirassununga
968,Sibelle Minelli,sminelliqv@sina.com.cn,Female,1414159375,Saatlı
969,Craggy Follan,cfollanqw@hubpages.com,Male,7165998043,Canmang
970,Conny Bednell,cbednellqx@tiny.cc,Male,7059171403,Nginjen
971,Jabez Gniewosz,jgniewoszqy@spotify.com,Male,8114210538,Sanmiaoqian
972,Murvyn Rudman,mrudmanqz@discuz.net,Male,9165164604,Temanjang
973,Brucie Currer,bcurrerr0@wufoo.com,Male,4747061214,Pegongan
974,Sara-ann Fibbit,sfibbitr1@scribd.com,Female,8072523427,Shanxi
975,Marjie Postgate,mpostgater2@mlb.com,Female,2813658161,Loureiro
976,Monte Gilburt,mgilburtr3@ed.gov,Male,6302185436,Norrköping
977,Chrystel Assinder,cassinderr4@oakley.com,Female,1062832423,Guanzhuang
978,Meggy Cuniffe,mcuniffer5@freewebs.com,Female,4498349408,Neftegorsk
979,Sauncho Stradling,sstradlingr6@technorati.com,Male,1257308329,Puerto Eldorado
980,Cleavland Stokey,cstokeyr7@icio.us,Male,5165081290,Bokor
981,Deeanne Glyssanne,dglyssanner8@tinypic.com,Female,6942047626,Druzhba
982,Evvie Wales,ewalesr9@squarespace.com,Female,8797497285,Coja
983,Karlene Tebbet,ktebbetra@pen.io,Female,8964349779,Herne
984,Daffy Summerill,dsummerillrb@huffingtonpost.com,Female,7703333183,Ḩakamā
985,Dwayne Carnie,dcarnierc@naver.com,Male,9423033829,Badaogu
986,Henri Foan,hfoanrd@smh.com.au,Male,9981187828,Dao’er
987,Hedwig Haskell,hhaskellre@sohu.com,Female,4737779599,Kampungdesa
988,Curran Dollard,cdollardrf@newsvine.com,Male,9525155335,Dřiteň
989,Irwin Breddy,ibreddyrg@hao123.com,Male,1067477225,Darband
990,Geneva Battershall,gbattershallrh@thetimes.co.uk,Female,1169558481,Watubura
991,Rhody Bellee,rbelleeri@desdev.cn,Female,9859180919,Mengdadazhuang
992,Ardeen Ivakhnov,aivakhnovrj@hibu.com,Female,6744619728,Gjilan
993,Natty Brockbank,nbrockbankrk@google.com,Female,7828831241,Umbanyar
994,Nahum Lawday,nlawdayrl@mlb.com,Male,8546035156,Belos Ares
995,Janetta Woosnam,jwoosnamrm@studiopress.com,Female,8739526071,El Cubolero
996,Victor Hallum,vhallumrn@wiley.com,Male,3431785725,Vershino-Shakhtaminskiy
997,Isidore Atwel,iatwelro@ucoz.com,Male,6948163365,Dawuhan
998,Erik Rodgerson,erodgersonrp@answers.com,Male,6424649336,Semënovskoye
999,Chrisse Hamley,chamleyrq@t-online.de,Male,6366892519,Kokaj
1000,Ola Linne,olinnerr@indiegogo.com,Female,8773385748,Xiaogang
